{"initial_reset_timestamp": 1585407750.386917, "timestamps": [1585407752.107405, 1585407752.612154, 1585407753.1551611, 1585407753.802879, 1585407754.888012, 1585407755.4414809, 1585407756.017489, 1585407756.5317361, 1585407757.0062, 1585407758.033707], "episode_lengths": [28, 10, 14, 17, 32, 11, 15, 12, 11, 31], "episode_rewards": [28.0, 10.0, 14.0, 17.0, 32.0, 11.0, 15.0, 12.0, 11.0, 31.0], "episode_types": ["t", "t", "t", "t", "t", "t", "t", "t", "t", "t"]}