{"initial_reset_timestamp": 1588343568.374142, "timestamps": [1588343583.4188118, 1588343597.510729, 1588343608.310119, 1588343616.110751, 1588343623.67347], "episode_lengths": [200, 200, 200, 200, 200], "episode_rewards": [200.0, 200.0, 200.0, 200.0, 200.0], "episode_types": ["t", "t", "t", "t", "t"]}