{"initial_reset_timestamp": 1588341910.885561, "timestamps": [1588341924.899198, 1588341933.517535, 1588341941.126376, 1588341949.302634, 1588341958.107775], "episode_lengths": [200, 200, 200, 200, 200], "episode_rewards": [200.0, 200.0, 200.0, 200.0, 200.0], "episode_types": ["t", "t", "t", "t", "t"]}